010,20081015005143,0,40.037185,116.299373,2008-10-15 00:51:43,taxi
010,20081015005143,1,40.037065,116.299433,2008-10-15 00:51:44,taxi
010,20081015005143,2,40.036793,116.299556,2008-10-15 00:51:46,taxi
010,20081015005143,3,40.036663,116.299621,2008-10-15 00:51:47,taxi
010,20081015005143,4,40.03653,116.299676,2008-10-15 00:51:48,taxi
010,20081015005143,5,40.036411,116.299708,2008-10-15 00:51:49,taxi
010,20081015005143,6,40.036268,116.299778,2008-10-15 00:51:50,taxi
010,20081015005143,7,40.036124,116.299846,2008-10-15 00:51:51,taxi
010,20081015005143,8,40.035974,116.299911,2008-10-15 00:51:52,taxi
010,20081015005143,9,40.035821,116.299983,2008-10-15 00:51:53,taxi
010,20081015005143,10,40.03569,116.300033,2008-10-15 00:51:54,taxi
010,20081015005143,11,40.035441,116.300148,2008-10-15 00:51:56,taxi
010,20081015005143,12,40.03532,116.300206,2008-10-15 00:51:57,taxi
010,20081015005143,13,40.035213,116.300258,2008-10-15 00:51:58,taxi
010,20081015005143,14,40.035221,116.300209,2008-10-15 00:51:59,taxi
010,20081015005143,15,40.035173,116.300225,2008-10-15 00:52:00,taxi
010,20081015005143,16,40.035128,116.300243,2008-10-15 00:52:01,taxi
010,20081015005143,17,40.0351,116.300241,2008-10-15 00:52:02,taxi
010,20081015005143,18,40.035095,116.30025,2008-10-15 00:52:03,taxi
010,20081015005143,19,40.035096,116.300243,2008-10-15 00:52:04,taxi
010,20081015005143,20,40.035103,116.300248,2008-10-15 00:52:06,taxi
010,20081015005143,21,40.035104,116.300253,2008-10-15 00:52:07,taxi
010,20081015005143,22,40.035104,116.300248,2008-10-15 00:52:08,taxi
010,20081015005143,23,40.035104,116.300243,2008-10-15 00:52:09,taxi
010,20081015005143,24,40.035104,116.300243,2008-10-15 00:52:10,taxi
010,20081015005143,25,40.035104,116.300243,2008-10-15 00:52:11,taxi
010,20081015005143,26,40.035104,116.300243,2008-10-15 00:52:12,taxi
010,20081015005143,27,40.035104,116.300241,2008-10-15 00:52:13,taxi
010,20081015005143,28,40.035104,116.300241,2008-10-15 00:52:14,taxi
010,20081015005143,29,40.035104,116.300241,2008-10-15 00:52:16,taxi
010,20081015005143,30,40.035104,116.300241,2008-10-15 00:52:17,taxi
010,20081015005143,31,40.035104,116.300241,2008-10-15 00:52:18,taxi
010,20081015005143,32,40.035106,116.300241,2008-10-15 00:52:19,taxi
010,20081015005143,33,40.035106,116.300241,2008-10-15 00:52:20,taxi
010,20081015005143,34,40.035106,116.300241,2008-10-15 00:52:21,taxi
010,20081015005143,35,40.035106,116.300241,2008-10-15 00:52:22,taxi
010,20081015005143,36,40.035106,116.300241,2008-10-15 00:52:23,taxi
010,20081015005143,37,40.035106,116.300241,2008-10-15 00:52:24,taxi
010,20081015005143,38,40.035106,116.300241,2008-10-15 00:52:26,taxi
010,20081015005143,39,40.035106,116.300241,2008-10-15 00:52:27,taxi
010,20081015005143,40,40.035106,116.300241,2008-10-15 00:52:28,taxi
010,20081015005143,41,40.035108,116.300241,2008-10-15 00:52:29,taxi
010,20081015005143,42,40.035108,116.300241,2008-10-15 00:52:30,taxi
010,20081015005143,43,40.035108,116.300241,2008-10-15 00:52:31,taxi
010,20081015005143,44,40.035108,116.300241,2008-10-15 00:52:32,taxi
010,20081015005143,45,40.035108,116.300241,2008-10-15 00:52:33,taxi
010,20081015005143,46,40.03511,116.300241,2008-10-15 00:52:34,taxi
010,20081015005143,47,40.03509,116.300254,2008-10-15 00:52:36,taxi
010,20081015005143,48,40.035063,116.300271,2008-10-15 00:52:37,taxi
010,20081015005143,49,40.035033,116.300288,2008-10-15 00:52:38,taxi
010,20081015005143,50,40.034998,116.300303,2008-10-15 00:52:39,taxi
010,20081015005143,51,40.034953,116.300325,2008-10-15 00:52:40,taxi
010,20081015005143,52,40.034901,116.300349,2008-10-15 00:52:41,taxi
010,20081015005143,53,40.034843,116.300376,2008-10-15 00:52:42,taxi
010,20081015005143,54,40.034785,116.300403,2008-10-15 00:52:43,taxi
010,20081015005143,55,40.034721,116.300431,2008-10-15 00:52:44,taxi
010,20081015005143,56,40.034588,116.300475,2008-10-15 00:52:46,taxi
010,20081015005143,57,40.034536,116.300495,2008-10-15 00:52:47,taxi
010,20081015005143,58,40.034491,116.30051,2008-10-15 00:52:48,taxi
010,20081015005143,59,40.034459,116.300523,2008-10-15 00:52:49,taxi
010,20081015005143,60,40.034251,116.300679,2008-10-15 00:53:47,taxi
010,20081015005143,61,40.034168,116.300703,2008-10-15 00:53:48,taxi
010,20081015005143,62,40.034081,116.30073,2008-10-15 00:53:49,taxi
010,20081015005143,63,40.033988,116.300756,2008-10-15 00:53:50,taxi
010,20081015005143,64,40.033891,116.300791,2008-10-15 00:53:51,taxi
010,20081015005143,65,40.033791,116.300831,2008-10-15 00:53:52,taxi
010,20081015005143,66,40.033681,116.300883,2008-10-15 00:53:53,taxi
010,20081015005143,67,40.03357,116.300933,2008-10-15 00:53:54,taxi
010,20081015005143,68,40.033324,116.301038,2008-10-15 00:53:56,taxi
010,20081015005143,69,40.033195,116.301093,2008-10-15 00:53:57,taxi
010,20081015005143,70,40.033058,116.301155,2008-10-15 00:53:58,taxi
010,20081015005143,71,40.032918,116.301215,2008-10-15 00:53:59,taxi
010,20081015005143,72,40.032781,116.301271,2008-10-15 00:54:00,taxi
010,20081015005143,73,40.032638,116.301331,2008-10-15 00:54:01,taxi
010,20081015005143,74,40.032491,116.301395,2008-10-15 00:54:02,taxi
010,20081015005143,75,40.032338,116.301461,2008-10-15 00:54:03,taxi
010,20081015005143,76,40.03218,116.301529,2008-10-15 00:54:04,taxi
010,20081015005143,77,40.031858,116.301678,2008-10-15 00:54:06,taxi
010,20081015005143,78,40.031693,116.30176,2008-10-15 00:54:07,taxi
010,20081015005143,79,40.031524,116.301853,2008-10-15 00:54:08,taxi
010,20081015005143,80,40.031359,116.301953,2008-10-15 00:54:09,taxi
010,20081015005143,81,40.031195,116.302063,2008-10-15 00:54:10,taxi
010,20081015005143,82,40.03103,116.30218,2008-10-15 00:54:11,taxi
010,20081015005143,83,40.030864,116.302298,2008-10-15 00:54:12,taxi
010,20081015005143,84,40.030708,116.302428,2008-10-15 00:54:13,taxi
010,20081015005143,85,40.030553,116.302561,2008-10-15 00:54:14,taxi
010,20081015005143,86,40.030271,116.302836,2008-10-15 00:54:16,taxi
010,20081015005143,87,40.03014,116.302981,2008-10-15 00:54:17,taxi
010,20081015005143,88,40.030018,116.303121,2008-10-15 00:54:18,taxi
010,20081015005143,89,40.029899,116.303269,2008-10-15 00:54:19,taxi
010,20081015005143,90,40.029784,116.303413,2008-10-15 00:54:20,taxi
010,20081015005143,91,40.029673,116.303564,2008-10-15 00:54:21,taxi
010,20081015005143,92,40.029549,116.303721,2008-10-15 00:54:22,taxi
010,20081015005143,93,40.029439,116.303886,2008-10-15 00:54:23,taxi
010,20081015005143,94,40.029335,116.30405,2008-10-15 00:54:24,taxi
010,20081015005143,95,40.029123,116.304395,2008-10-15 00:54:26,taxi
010,20081015005143,96,40.029015,116.304571,2008-10-15 00:54:27,taxi
010,20081015005143,97,40.028906,116.304753,2008-10-15 00:54:28,taxi
010,20081015005143,98,40.028796,116.304926,2008-10-15 00:54:29,taxi
010,20081015005143,99,40.028691,116.305091,2008-10-15 00:54:30,taxi
010,20081015005143,100,40.0286,116.30524,2008-10-15 00:54:31,taxi
010,20081015005143,101,40.028511,116.305383,2008-10-15 00:54:32,taxi
010,20081015005143,102,40.028424,116.305521,2008-10-15 00:54:33,taxi
010,20081015005143,103,40.028339,116.305651,2008-10-15 00:54:34,taxi
010,20081015005143,104,40.028181,116.305901,2008-10-15 00:54:36,taxi
010,20081015005143,105,40.028103,116.306026,2008-10-15 00:54:37,taxi
010,20081015005143,106,40.028026,116.306148,2008-10-15 00:54:38,taxi
010,20081015005143,107,40.027953,116.306271,2008-10-15 00:54:39,taxi
010,20081015005143,108,40.027881,116.306393,2008-10-15 00:54:40,taxi
010,20081015005143,109,40.027811,116.306511,2008-10-15 00:54:41,taxi
010,20081015005143,110,40.027745,116.306615,2008-10-15 00:54:42,taxi
010,20081015005143,111,40.027683,116.306716,2008-10-15 00:54:43,taxi
010,20081015005143,112,40.027626,116.306803,2008-10-15 00:54:44,taxi
010,20081015005143,113,40.027521,116.306951,2008-10-15 00:54:46,taxi
010,20081015005143,114,40.027473,116.307005,2008-10-15 00:54:47,taxi
010,20081015005143,115,40.027426,116.307048,2008-10-15 00:54:48,taxi
010,20081015005143,116,40.027383,116.307084,2008-10-15 00:54:49,taxi
010,20081015005143,117,40.027338,116.307115,2008-10-15 00:54:50,taxi
010,20081015005143,118,40.02728,116.307143,2008-10-15 00:54:51,taxi
010,20081015005143,119,40.027218,116.307173,2008-10-15 00:54:52,taxi
010,20081015005143,120,40.027145,116.307196,2008-10-15 00:54:53,taxi
010,20081015005143,121,40.027063,116.307213,2008-10-15 00:54:54,taxi
010,20081015005143,122,40.026888,116.307239,2008-10-15 00:54:56,taxi
010,20081015005143,123,40.026798,116.307251,2008-10-15 00:54:57,taxi
010,20081015005143,124,40.026705,116.307258,2008-10-15 00:54:58,taxi
010,20081015005143,125,40.026621,116.30727,2008-10-15 00:54:59,taxi
010,20081015005143,126,40.026539,116.307284,2008-10-15 00:55:00,taxi
010,20081015005143,127,40.026454,116.307296,2008-10-15 00:55:01,taxi
010,20081015005143,128,40.026374,116.307313,2008-10-15 00:55:02,taxi
010,20081015005143,129,40.026294,116.307329,2008-10-15 00:55:03,taxi
010,20081015005143,130,40.026215,116.307343,2008-10-15 00:55:04,taxi
010,20081015005143,131,40.026039,116.307369,2008-10-15 00:55:06,taxi
010,20081015005143,132,40.025943,116.307386,2008-10-15 00:55:07,taxi
010,20081015005143,133,40.025836,116.307398,2008-10-15 00:55:08,taxi
010,20081015005143,134,40.025725,116.30741,2008-10-15 00:55:09,taxi
010,20081015005143,135,40.025606,116.30742,2008-10-15 00:55:10,taxi
010,20081015005143,136,40.025486,116.30743,2008-10-15 00:55:11,taxi
010,20081015005143,137,40.025373,116.30745,2008-10-15 00:55:12,taxi
010,20081015005143,138,40.025268,116.307468,2008-10-15 00:55:13,taxi
010,20081015005143,139,40.025173,116.307483,2008-10-15 00:55:14,taxi
010,20081015005143,140,40.025026,116.307523,2008-10-15 00:55:16,taxi
010,20081015005143,141,40.02496,116.307518,2008-10-15 00:55:17,taxi
010,20081015005143,142,40.024904,116.307526,2008-10-15 00:55:18,taxi
010,20081015005143,143,40.02485,116.307514,2008-10-15 00:55:19,taxi
010,20081015005143,144,40.024803,116.307516,2008-10-15 00:55:20,taxi
010,20081015005143,145,40.024756,116.307514,2008-10-15 00:55:21,taxi
010,20081015005143,146,40.024708,116.307524,2008-10-15 00:55:22,taxi
010,20081015005143,147,40.024651,116.307535,2008-10-15 00:55:23,taxi
010,20081015005143,148,40.024585,116.307543,2008-10-15 00:55:24,taxi
010,20081015005143,149,40.024445,116.307571,2008-10-15 00:55:26,taxi
010,20081015005143,150,40.024378,116.307626,2008-10-15 00:55:27,taxi
010,20081015005143,151,40.024284,116.307634,2008-10-15 00:55:28,taxi
010,20081015005143,152,40.024188,116.307645,2008-10-15 00:55:29,taxi
010,20081015005143,153,40.024084,116.307655,2008-10-15 00:55:30,taxi
010,20081015005143,154,40.02398,116.30767,2008-10-15 00:55:31,taxi
010,20081015005143,155,40.023878,116.307708,2008-10-15 00:55:32,taxi
010,20081015005143,156,40.023765,116.307726,2008-10-15 00:55:33,taxi
010,20081015005143,157,40.023641,116.307738,2008-10-15 00:55:34,taxi
010,20081015005143,158,40.023383,116.30775,2008-10-15 00:55:36,taxi
010,20081015005143,159,40.023261,116.307759,2008-10-15 00:55:37,taxi
010,20081015005143,160,40.023139,116.307758,2008-10-15 00:55:38,taxi
010,20081015005143,161,40.023021,116.307759,2008-10-15 00:55:39,taxi
010,20081015005143,162,40.022908,116.307751,2008-10-15 00:55:40,taxi
010,20081015005143,163,40.022806,116.307759,2008-10-15 00:55:41,taxi
010,20081015005143,164,40.022711,116.307758,2008-10-15 00:55:42,taxi
010,20081015005143,165,40.022633,116.307765,2008-10-15 00:55:43,taxi
010,20081015005143,166,40.02257,116.307769,2008-10-15 00:55:44,taxi
010,20081015005143,167,40.022501,116.307775,2008-10-15 00:55:46,taxi
010,20081015005143,168,40.022486,116.30778,2008-10-15 00:55:47,taxi
010,20081015005143,169,40.02248,116.307783,2008-10-15 00:55:48,taxi
010,20081015005143,170,40.022465,116.307784,2008-10-15 00:55:49,taxi
010,20081015005143,171,40.022433,116.307786,2008-10-15 00:55:50,taxi
010,20081015005143,172,40.022393,116.307781,2008-10-15 00:55:51,taxi
010,20081015005143,173,40.022348,116.307781,2008-10-15 00:55:52,taxi
010,20081015005143,174,40.022294,116.307789,2008-10-15 00:55:53,taxi
010,20081015005143,175,40.022231,116.307801,2008-10-15 00:55:54,taxi
010,20081015005143,176,40.022128,116.307811,2008-10-15 00:55:56,taxi
010,20081015005143,177,40.02209,116.307813,2008-10-15 00:55:57,taxi
010,20081015005143,178,40.022051,116.307815,2008-10-15 00:55:58,taxi
010,20081015005143,179,40.022011,116.307823,2008-10-15 00:55:59,taxi
010,20081015005143,180,40.021968,116.307818,2008-10-15 00:56:00,taxi
010,20081015005143,181,40.021925,116.307825,2008-10-15 00:56:01,taxi
010,20081015005143,182,40.021876,116.307826,2008-10-15 00:56:02,taxi
010,20081015005143,183,40.021824,116.307826,2008-10-15 00:56:03,taxi
010,20081015005143,184,40.021773,116.307828,2008-10-15 00:56:04,taxi
010,20081015005143,185,40.021661,116.307843,2008-10-15 00:56:06,taxi
010,20081015005143,186,40.021611,116.307845,2008-10-15 00:56:07,taxi
010,20081015005143,187,40.021573,116.307849,2008-10-15 00:56:08,taxi
010,20081015005143,188,40.021546,116.30786,2008-10-15 00:56:09,taxi
010,20081015005143,189,40.021525,116.307861,2008-10-15 00:56:10,taxi
010,20081015005143,190,40.021514,116.307878,2008-10-15 00:56:11,taxi
010,20081015005143,191,40.021496,116.307886,2008-10-15 00:56:12,taxi
010,20081015005143,192,40.021468,116.307885,2008-10-15 00:56:13,taxi
010,20081015005143,193,40.021429,116.307888,2008-10-15 00:56:14,taxi
010,20081015005143,194,40.021336,116.307888,2008-10-15 00:56:16,taxi
010,20081015005143,195,40.021286,116.307894,2008-10-15 00:56:17,taxi
010,20081015005143,196,40.021231,116.307901,2008-10-15 00:56:18,taxi
010,20081015005143,197,40.021171,116.307908,2008-10-15 00:56:19,taxi
010,20081015005143,198,40.02111,116.307918,2008-10-15 00:56:20,taxi
010,20081015005143,199,40.021053,116.307926,2008-10-15 00:56:21,taxi
010,20081015005143,200,40.021008,116.30795,2008-10-15 00:56:22,taxi
010,20081015005143,201,40.020971,116.307951,2008-10-15 00:56:23,taxi
010,20081015005143,202,40.020946,116.30795,2008-10-15 00:56:24,taxi
010,20081015005143,203,40.020926,116.307948,2008-10-15 00:56:26,taxi
010,20081015005143,204,40.020915,116.30795,2008-10-15 00:56:27,taxi
010,20081015005143,205,40.020894,116.307953,2008-10-15 00:56:28,taxi
010,20081015005143,206,40.020873,116.307958,2008-10-15 00:56:29,taxi
010,20081015005143,207,40.02085,116.307963,2008-10-15 00:56:30,taxi
010,20081015005143,208,40.020829,116.307964,2008-10-15 00:56:31,taxi
010,20081015005143,209,40.020811,116.307964,2008-10-15 00:56:32,taxi
010,20081015005143,210,40.020794,116.307971,2008-10-15 00:56:33,taxi
010,20081015005143,211,40.020783,116.307981,2008-10-15 00:56:34,taxi
010,20081015005143,212,40.020766,116.307984,2008-10-15 00:56:36,taxi
010,20081015005143,213,40.020756,116.307984,2008-10-15 00:56:37,taxi
010,20081015005143,214,40.020744,116.307974,2008-10-15 00:56:38,taxi
010,20081015005143,215,40.020736,116.307976,2008-10-15 00:56:39,taxi
010,20081015005143,216,40.020728,116.30798,2008-10-15 00:56:40,taxi
010,20081015005143,217,40.020721,116.307981,2008-10-15 00:56:41,taxi
010,20081015005143,218,40.020716,116.30798,2008-10-15 00:56:42,taxi
010,20081015005143,219,40.020709,116.307981,2008-10-15 00:56:43,taxi
010,20081015005143,220,40.020705,116.307981,2008-10-15 00:56:44,taxi
010,20081015005143,221,40.020674,116.30799,2008-10-15 00:56:46,taxi
010,20081015005143,222,40.020648,116.307995,2008-10-15 00:56:47,taxi
010,20081015005143,223,40.020624,116.307996,2008-10-15 00:56:48,taxi
010,20081015005143,224,40.020606,116.307995,2008-10-15 00:56:49,taxi
010,20081015005143,225,40.020596,116.307991,2008-10-15 00:56:50,taxi
010,20081015005143,226,40.020583,116.307986,2008-10-15 00:56:51,taxi
010,20081015005143,227,40.020573,116.307991,2008-10-15 00:56:52,taxi
010,20081015005143,228,40.020554,116.307995,2008-10-15 00:56:53,taxi
010,20081015005143,229,40.020533,116.308,2008-10-15 00:56:54,taxi
010,20081015005143,230,40.020501,116.308001,2008-10-15 00:56:56,taxi
010,20081015005143,231,40.02049,116.307998,2008-10-15 00:56:57,taxi
010,20081015005143,232,40.020483,116.307998,2008-10-15 00:56:58,taxi
010,20081015005143,233,40.02048,116.307998,2008-10-15 00:56:59,taxi
010,20081015005143,234,40.020476,116.307995,2008-10-15 00:57:00,taxi
010,20081015005143,235,40.020476,116.307995,2008-10-15 00:57:01,taxi
010,20081015005143,236,40.020471,116.307998,2008-10-15 00:57:02,taxi
010,20081015005143,237,40.020456,116.308003,2008-10-15 00:57:03,taxi
010,20081015005143,238,40.020431,116.308006,2008-10-15 00:57:04,taxi
010,20081015005143,239,40.020368,116.308011,2008-10-15 00:57:06,taxi
010,20081015005143,240,40.020341,116.308015,2008-10-15 00:57:07,taxi
010,20081015005143,241,40.020319,116.308019,2008-10-15 00:57:08,taxi
010,20081015005143,242,40.020305,116.308011,2008-10-15 00:57:09,taxi
010,20081015005143,243,40.020295,116.308011,2008-10-15 00:57:10,taxi
010,20081015005143,244,40.020288,116.308015,2008-10-15 00:57:11,taxi
010,20081015005143,245,40.020289,116.308031,2008-10-15 00:57:12,taxi
010,20081015005143,246,40.020283,116.308021,2008-10-15 00:57:13,taxi
010,20081015005143,247,40.020281,116.308038,2008-10-15 00:57:14,taxi
010,20081015005143,248,40.02028,116.308038,2008-10-15 00:57:16,taxi
010,20081015005143,249,40.02028,116.30804,2008-10-15 00:57:17,taxi
010,20081015005143,250,40.020278,116.30804,2008-10-15 00:57:18,taxi
010,20081015005143,251,40.020278,116.30804,2008-10-15 00:57:19,taxi
010,20081015005143,252,40.020278,116.30804,2008-10-15 00:57:20,taxi
010,20081015005143,253,40.020278,116.30804,2008-10-15 00:57:21,taxi
010,20081015005143,254,40.020276,116.30804,2008-10-15 00:57:22,taxi
010,20081015005143,255,40.020278,116.30804,2008-10-15 00:57:23,taxi
010,20081015005143,256,40.020278,116.30804,2008-10-15 00:57:24,taxi
010,20081015005143,257,40.020276,116.30804,2008-10-15 00:57:26,taxi
010,20081015005143,258,40.020276,116.30804,2008-10-15 00:57:27,taxi
010,20081015005143,259,40.020276,116.30804,2008-10-15 00:57:28,taxi
010,20081015005143,260,40.020276,116.30804,2008-10-15 00:57:29,taxi
010,20081015005143,261,40.020276,116.30804,2008-10-15 00:57:30,taxi
010,20081015005143,262,40.020276,116.30804,2008-10-15 00:57:31,taxi
010,20081015005143,263,40.020266,116.308038,2008-10-15 00:57:32,taxi
010,20081015005143,264,40.020249,116.308041,2008-10-15 00:57:33,taxi
010,20081015005143,265,40.020228,116.308038,2008-10-15 00:57:34,taxi
010,20081015005143,266,40.020198,116.308023,2008-10-15 00:57:36,taxi
010,20081015005143,267,40.020186,116.308019,2008-10-15 00:57:37,taxi
010,20081015005143,268,40.020168,116.308026,2008-10-15 00:57:38,taxi
010,20081015005143,269,40.02014,116.308021,2008-10-15 00:57:39,taxi
010,20081015005143,270,40.020111,116.308021,2008-10-15 00:57:40,taxi
010,20081015005143,271,40.020089,116.308016,2008-10-15 00:57:41,taxi
010,20081015005143,272,40.020076,116.308013,2008-10-15 00:57:42,taxi
010,20081015005143,273,40.020068,116.308009,2008-10-15 00:57:43,taxi
010,20081015005143,274,40.020051,116.308009,2008-10-15 00:57:44,taxi
010,20081015005143,275,40.020006,116.308009,2008-10-15 00:57:46,taxi
010,20081015005143,276,40.019976,116.308018,2008-10-15 00:57:47,taxi
010,20081015005143,277,40.019945,116.308029,2008-10-15 00:57:48,taxi
010,20081015005143,278,40.019919,116.308053,2008-10-15 00:57:49,taxi
010,20081015005143,279,40.019894,116.308058,2008-10-15 00:57:50,taxi
010,20081015005143,280,40.019879,116.308056,2008-10-15 00:57:51,taxi
010,20081015005143,281,40.019871,116.308056,2008-10-15 00:57:52,taxi
010,20081015005143,282,40.019861,116.308056,2008-10-15 00:57:53,taxi
010,20081015005143,283,40.019846,116.308058,2008-10-15 00:57:54,taxi
010,20081015005143,284,40.019796,116.308061,2008-10-15 00:57:56,taxi
010,20081015005143,285,40.019533,116.308111,2008-10-15 00:58:59,taxi
010,20081015005143,286,40.019495,116.308118,2008-10-15 00:59:00,taxi
010,20081015005143,287,40.01945,116.308119,2008-10-15 00:59:01,taxi
010,20081015005143,288,40.019398,116.308115,2008-10-15 00:59:02,taxi
010,20081015005143,289,40.019338,116.308116,2008-10-15 00:59:03,taxi
010,20081015005143,290,40.019279,116.308138,2008-10-15 00:59:04,taxi
010,20081015005143,291,40.019164,116.308139,2008-10-15 00:59:06,taxi
010,20081015005143,292,40.019113,116.308138,2008-10-15 00:59:07,taxi
010,20081015005143,293,40.01907,116.308131,2008-10-15 00:59:08,taxi
010,20081015005143,294,40.019033,116.308133,2008-10-15 00:59:09,taxi
010,20081015005143,295,40.019006,116.30813,2008-10-15 00:59:10,taxi
010,20081015005143,296,40.018986,116.308133,2008-10-15 00:59:11,taxi
010,20081015005143,297,40.018974,116.308141,2008-10-15 00:59:12,taxi
010,20081015005143,298,40.018964,116.308141,2008-10-15 00:59:13,taxi
010,20081015005143,299,40.018956,116.308145,2008-10-15 00:59:14,taxi
010,20081015005143,300,40.01896,116.308158,2008-10-15 00:59:16,taxi
010,20081015005143,301,40.018966,116.308166,2008-10-15 00:59:17,taxi
010,20081015005143,302,40.018964,116.308166,2008-10-15 00:59:18,taxi
010,20081015005143,303,40.018964,116.308166,2008-10-15 00:59:19,taxi
010,20081015005143,304,40.018964,116.308166,2008-10-15 00:59:20,taxi
010,20081015005143,305,40.018964,116.308166,2008-10-15 00:59:21,taxi
010,20081015005143,306,40.018963,116.308166,2008-10-15 00:59:22,taxi
010,20081015005143,307,40.018963,116.308166,2008-10-15 00:59:23,taxi
010,20081015005143,308,40.018961,116.308166,2008-10-15 00:59:24,taxi
010,20081015005143,309,40.01896,116.308166,2008-10-15 00:59:26,taxi
010,20081015005143,310,40.01896,116.308166,2008-10-15 00:59:27,taxi
010,20081015005143,311,40.01896,116.308166,2008-10-15 00:59:28,taxi
010,20081015005143,312,40.01896,116.308166,2008-10-15 00:59:29,taxi
010,20081015005143,313,40.01896,116.308166,2008-10-15 00:59:30,taxi
010,20081015005143,314,40.018958,116.308166,2008-10-15 00:59:31,taxi
010,20081015005143,315,40.018958,116.308168,2008-10-15 00:59:32,taxi
010,20081015005143,316,40.018958,116.308168,2008-10-15 00:59:33,taxi
010,20081015005143,317,40.018958,116.308168,2008-10-15 00:59:34,taxi
010,20081015005143,318,40.018958,116.308168,2008-10-15 00:59:36,taxi
010,20081015005143,319,40.018958,116.308168,2008-10-15 00:59:37,taxi
010,20081015005143,320,40.018958,116.308168,2008-10-15 00:59:38,taxi
010,20081015005143,321,40.018956,116.308168,2008-10-15 00:59:39,taxi
010,20081015005143,322,40.018956,116.308168,2008-10-15 00:59:40,taxi
010,20081015005143,323,40.018956,116.308168,2008-10-15 00:59:41,taxi
010,20081015005143,324,40.018956,116.308168,2008-10-15 00:59:42,taxi
010,20081015005143,325,40.018955,116.308168,2008-10-15 00:59:43,taxi
010,20081015005143,326,40.018955,116.308168,2008-10-15 00:59:44,taxi
010,20081015005143,327,40.018955,116.308168,2008-10-15 00:59:46,taxi
010,20081015005143,328,40.018953,116.308168,2008-10-15 00:59:47,taxi
010,20081015005143,329,40.018945,116.308168,2008-10-15 00:59:48,taxi
010,20081015005143,330,40.018936,116.308164,2008-10-15 00:59:49,taxi
010,20081015005143,331,40.018931,116.308161,2008-10-15 00:59:50,taxi
010,20081015005143,332,40.018928,116.308153,2008-10-15 00:59:51,taxi
010,20081015005143,333,40.018928,116.308143,2008-10-15 00:59:52,taxi
010,20081015005143,334,40.018926,116.308139,2008-10-15 00:59:53,taxi
010,20081015005143,335,40.018924,116.308139,2008-10-15 00:59:54,taxi
010,20081015005143,336,40.018878,116.308143,2008-10-15 00:59:56,taxi
010,20081015005143,337,40.018846,116.308141,2008-10-15 00:59:57,taxi
010,20081015005143,338,40.018814,116.308141,2008-10-15 00:59:58,taxi
010,20081015005143,339,40.018785,116.308146,2008-10-15 00:59:59,taxi
010,20081015005143,340,40.01875,116.308153,2008-10-15 01:00:00,taxi
010,20081015005143,341,40.018711,116.308164,2008-10-15 01:00:01,taxi
010,20081015005143,342,40.01867,116.308176,2008-10-15 01:00:02,taxi
010,20081015005143,343,40.018631,116.30819,2008-10-15 01:00:03,taxi
010,20081015005143,344,40.01859,116.308204,2008-10-15 01:00:04,taxi
010,20081015005143,345,40.018508,116.308231,2008-10-15 01:00:06,taxi
010,20081015005143,346,40.018466,116.308249,2008-10-15 01:00:07,taxi
010,20081015005143,347,40.018421,116.30827,2008-10-15 01:00:08,taxi
010,20081015005143,348,40.018373,116.308291,2008-10-15 01:00:09,taxi
010,20081015005143,349,40.018321,116.308316,2008-10-15 01:00:10,taxi
010,20081015005143,350,40.018269,116.308343,2008-10-15 01:00:11,taxi
010,20081015005143,351,40.01822,116.308376,2008-10-15 01:00:12,taxi
010,20081015005143,352,40.018175,116.308408,2008-10-15 01:00:13,taxi
010,20081015005143,353,40.018128,116.308443,2008-10-15 01:00:14,taxi
010,20081015005143,354,40.017915,116.308644,2008-10-15 01:01:03,taxi
010,20081015005143,355,40.017901,116.308661,2008-10-15 01:01:04,taxi
010,20081015005143,356,40.01786,116.308706,2008-10-15 01:01:06,taxi
010,20081015005143,357,40.017836,116.308733,2008-10-15 01:01:07,taxi
010,20081015005143,358,40.017808,116.308765,2008-10-15 01:01:08,taxi
010,20081015005143,359,40.017769,116.308808,2008-10-15 01:01:09,taxi
010,20081015005143,360,40.017724,116.308856,2008-10-15 01:01:10,taxi
010,20081015005143,361,40.017678,116.308906,2008-10-15 01:01:11,taxi
010,20081015005143,362,40.017625,116.30896,2008-10-15 01:01:12,taxi
010,20081015005143,363,40.017569,116.309014,2008-10-15 01:01:13,taxi
010,20081015005143,364,40.01751,116.309076,2008-10-15 01:01:14,taxi
010,20081015005143,365,40.017383,116.309213,2008-10-15 01:01:16,taxi
010,20081015005143,366,40.01732,116.309283,2008-10-15 01:01:17,taxi
010,20081015005143,367,40.017258,116.309346,2008-10-15 01:01:18,taxi
010,20081015005143,368,40.017205,116.309414,2008-10-15 01:01:19,taxi
010,20081015005143,369,40.017148,116.309474,2008-10-15 01:01:20,taxi
010,20081015005143,370,40.017086,116.309541,2008-10-15 01:01:21,taxi
010,20081015005143,371,40.017028,116.309603,2008-10-15 01:01:22,taxi
010,20081015005143,372,40.016976,116.309665,2008-10-15 01:01:23,taxi
010,20081015005143,373,40.016915,116.309734,2008-10-15 01:01:24,taxi
010,20081015005143,374,40.016789,116.30988,2008-10-15 01:01:26,taxi
010,20081015005143,375,40.016719,116.309925,2008-10-15 01:01:27,taxi
010,20081015005143,376,40.016671,116.309968,2008-10-15 01:01:28,taxi
010,20081015005143,377,40.016618,116.31002,2008-10-15 01:01:29,taxi
010,20081015005143,378,40.016569,116.310063,2008-10-15 01:01:30,taxi
010,20081015005143,379,40.016523,116.310111,2008-10-15 01:01:31,taxi
010,20081015005143,380,40.016476,116.310163,2008-10-15 01:01:32,taxi
010,20081015005143,381,40.016425,116.310219,2008-10-15 01:01:33,taxi
010,20081015005143,382,40.016368,116.310276,2008-10-15 01:01:34,taxi
010,20081015005143,383,40.016239,116.310406,2008-10-15 01:01:36,taxi
010,20081015005143,384,40.016171,116.310471,2008-10-15 01:01:37,taxi
010,20081015005143,385,40.016106,116.310529,2008-10-15 01:01:38,taxi
010,20081015005143,386,40.016036,116.310591,2008-10-15 01:01:39,taxi
010,20081015005143,387,40.015968,116.310646,2008-10-15 01:01:40,taxi
010,20081015005143,388,40.015904,116.310703,2008-10-15 01:01:41,taxi
010,20081015005143,389,40.015843,116.310751,2008-10-15 01:01:42,taxi
010,20081015005143,390,40.015783,116.310803,2008-10-15 01:01:43,taxi
010,20081015005143,391,40.015725,116.310858,2008-10-15 01:01:44,taxi
010,20081015005143,392,40.015611,116.310955,2008-10-15 01:01:46,taxi
010,20081015005143,393,40.01556,116.310998,2008-10-15 01:01:47,taxi
010,20081015005143,394,40.015503,116.311043,2008-10-15 01:01:48,taxi
010,20081015005143,395,40.015444,116.311086,2008-10-15 01:01:49,taxi
010,20081015005143,396,40.015386,116.311133,2008-10-15 01:01:50,taxi
010,20081015005143,397,40.015328,116.311184,2008-10-15 01:01:51,taxi
010,20081015005143,398,40.015251,116.311234,2008-10-15 01:01:52,taxi
010,20081015005143,399,40.01517,116.311288,2008-10-15 01:01:53,taxi
010,20081015005143,400,40.015081,116.311339,2008-10-15 01:01:54,taxi
010,20081015005143,401,40.014901,116.311441,2008-10-15 01:01:56,taxi
010,20081015005143,402,40.014806,116.311488,2008-10-15 01:01:57,taxi
010,20081015005143,403,40.014713,116.311531,2008-10-15 01:01:58,taxi
010,20081015005143,404,40.014619,116.311578,2008-10-15 01:01:59,taxi
010,20081015005143,405,40.014528,116.311623,2008-10-15 01:02:00,taxi
010,20081015005143,406,40.014433,116.311664,2008-10-15 01:02:01,taxi
010,20081015005143,407,40.014334,116.3117,2008-10-15 01:02:02,taxi
010,20081015005143,408,40.014236,116.311728,2008-10-15 01:02:03,taxi
010,20081015005143,409,40.014141,116.311754,2008-10-15 01:02:04,taxi
010,20081015005143,410,40.013958,116.31181,2008-10-15 01:02:06,taxi
010,20081015005143,411,40.013864,116.311826,2008-10-15 01:02:07,taxi
010,20081015005143,412,40.013773,116.31185,2008-10-15 01:02:08,taxi
010,20081015005143,413,40.013678,116.311865,2008-10-15 01:02:09,taxi
010,20081015005143,414,40.013591,116.311885,2008-10-15 01:02:10,taxi
010,20081015005143,415,40.013505,116.311898,2008-10-15 01:02:11,taxi
010,20081015005143,416,40.013414,116.311911,2008-10-15 01:02:12,taxi
010,20081015005143,417,40.013324,116.31192,2008-10-15 01:02:13,taxi
010,20081015005143,418,40.013231,116.311924,2008-10-15 01:02:14,taxi
010,20081015005143,419,40.013061,116.311943,2008-10-15 01:02:16,taxi
010,20081015005143,420,40.012978,116.311953,2008-10-15 01:02:17,taxi
010,20081015005143,421,40.012901,116.311961,2008-10-15 01:02:18,taxi
010,20081015005143,422,40.012828,116.311973,2008-10-15 01:02:19,taxi
010,20081015005143,423,40.012756,116.311981,2008-10-15 01:02:20,taxi
010,20081015005143,424,40.012695,116.312016,2008-10-15 01:02:21,taxi
010,20081015005143,425,40.012626,116.312024,2008-10-15 01:02:22,taxi
010,20081015005143,426,40.012568,116.312035,2008-10-15 01:02:23,taxi
010,20081015005143,427,40.012513,116.312055,2008-10-15 01:02:24,taxi
010,20081015005143,428,40.012434,116.312101,2008-10-15 01:02:26,taxi
010,20081015005143,429,40.012409,116.312106,2008-10-15 01:02:27,taxi
010,20081015005143,430,40.012391,116.31211,2008-10-15 01:02:28,taxi
010,20081015005143,431,40.012383,116.312101,2008-10-15 01:02:29,taxi
010,20081015005143,432,40.012381,116.3121,2008-10-15 01:02:30,taxi
010,20081015005143,433,40.012376,116.312086,2008-10-15 01:02:31,taxi
010,20081015005143,434,40.01237,116.312096,2008-10-15 01:02:32,taxi
010,20081015005143,435,40.01236,116.312098,2008-10-15 01:02:33,taxi
010,20081015005143,436,40.012325,116.312095,2008-10-15 01:02:34,taxi
010,20081015005143,437,40.01225,116.312103,2008-10-15 01:02:36,taxi
010,20081015005143,438,40.012215,116.31211,2008-10-15 01:02:37,taxi
010,20081015005143,439,40.012171,116.312114,2008-10-15 01:02:38,taxi
010,20081015005143,440,40.012123,116.312113,2008-10-15 01:02:39,taxi
010,20081015005143,441,40.012066,116.312113,2008-10-15 01:02:40,taxi
010,20081015005143,442,40.011998,116.312113,2008-10-15 01:02:41,taxi
010,20081015005143,443,40.011923,116.312114,2008-10-15 01:02:42,taxi
010,20081015005143,444,40.011846,116.312116,2008-10-15 01:02:43,taxi
010,20081015005143,445,40.011776,116.312114,2008-10-15 01:02:44,taxi
010,20081015005143,446,40.011661,116.312113,2008-10-15 01:02:46,taxi
010,20081015005143,447,40.011609,116.312108,2008-10-15 01:02:47,taxi
010,20081015005143,448,40.011566,116.312121,2008-10-15 01:02:48,taxi
010,20081015005143,449,40.011528,116.312146,2008-10-15 01:02:49,taxi
010,20081015005143,450,40.011495,116.312183,2008-10-15 01:02:50,taxi
010,20081015005143,451,40.011465,116.312226,2008-10-15 01:02:51,taxi
010,20081015005143,452,40.011445,116.312283,2008-10-15 01:02:52,taxi
010,20081015005143,453,40.011433,116.312346,2008-10-15 01:02:53,taxi
010,20081015005143,454,40.011433,116.312413,2008-10-15 01:02:54,taxi
010,20081015005143,455,40.01144,116.31257,2008-10-15 01:02:56,taxi
010,20081015005143,456,40.011441,116.312656,2008-10-15 01:02:57,taxi
010,20081015005143,457,40.01145,116.312748,2008-10-15 01:02:58,taxi
010,20081015005143,458,40.01146,116.31285,2008-10-15 01:02:59,taxi
010,20081015005143,459,40.011471,116.312964,2008-10-15 01:03:00,taxi
010,20081015005143,460,40.011488,116.313085,2008-10-15 01:03:01,taxi
010,20081015005143,461,40.011506,116.313213,2008-10-15 01:03:02,taxi
010,20081015005143,462,40.011531,116.313338,2008-10-15 01:03:03,taxi
010,20081015005143,463,40.011553,116.313473,2008-10-15 01:03:04,taxi
010,20081015005143,464,40.011608,116.313763,2008-10-15 01:03:06,taxi
010,20081015005143,465,40.01163,116.313915,2008-10-15 01:03:07,taxi
010,20081015005143,466,40.011648,116.314071,2008-10-15 01:03:08,taxi
010,20081015005143,467,40.011668,116.31423,2008-10-15 01:03:09,taxi
010,20081015005143,468,40.011693,116.314386,2008-10-15 01:03:10,taxi
010,20081015005143,469,40.011716,116.314545,2008-10-15 01:03:11,taxi
010,20081015005143,470,40.011744,116.314706,2008-10-15 01:03:12,taxi
010,20081015005143,471,40.011771,116.31487,2008-10-15 01:03:13,taxi
010,20081015005143,472,40.011796,116.315035,2008-10-15 01:03:14,taxi
010,20081015005143,473,40.011833,116.315365,2008-10-15 01:03:16,taxi
010,20081015005143,474,40.011849,116.315534,2008-10-15 01:03:17,taxi
010,20081015005143,475,40.011863,116.315706,2008-10-15 01:03:18,taxi
010,20081015005143,476,40.011876,116.315881,2008-10-15 01:03:19,taxi
010,20081015005143,477,40.011888,116.316053,2008-10-15 01:03:20,taxi
010,20081015005143,478,40.011908,116.316223,2008-10-15 01:03:21,taxi
010,20081015005143,479,40.011918,116.316403,2008-10-15 01:03:22,taxi
010,20081015005143,480,40.011921,116.316586,2008-10-15 01:03:23,taxi
010,20081015005143,481,40.011921,116.316771,2008-10-15 01:03:24,taxi
010,20081015005143,482,40.01194,116.317123,2008-10-15 01:03:26,taxi
010,20081015005143,483,40.011951,116.317293,2008-10-15 01:03:27,taxi
010,20081015005143,484,40.011966,116.317471,2008-10-15 01:03:28,taxi
010,20081015005143,485,40.011976,116.317651,2008-10-15 01:03:29,taxi
010,20081015005143,486,40.011984,116.317836,2008-10-15 01:03:30,taxi
010,20081015005143,487,40.011995,116.318023,2008-10-15 01:03:31,taxi
010,20081015005143,488,40.011998,116.318221,2008-10-15 01:03:32,taxi
010,20081015005143,489,40.012004,116.318418,2008-10-15 01:03:33,taxi
010,20081015005143,490,40.012016,116.318606,2008-10-15 01:03:34,taxi
010,20081015005143,491,40.012036,116.318971,2008-10-15 01:03:36,taxi
010,20081015005143,492,40.012044,116.319145,2008-10-15 01:03:37,taxi
010,20081015005143,493,40.012056,116.319315,2008-10-15 01:03:38,taxi
010,20081015005143,494,40.012063,116.319493,2008-10-15 01:03:39,taxi
010,20081015005143,495,40.012073,116.31967,2008-10-15 01:03:40,taxi
010,20081015005143,496,40.012084,116.319854,2008-10-15 01:03:41,taxi
010,20081015005143,497,40.012095,116.320034,2008-10-15 01:03:42,taxi
010,20081015005143,498,40.012099,116.3202,2008-10-15 01:03:43,taxi
010,20081015005143,499,40.012099,116.320358,2008-10-15 01:03:44,taxi
010,20081015005143,500,40.012089,116.32067,2008-10-15 01:03:46,taxi
010,20081015005143,501,40.012079,116.320828,2008-10-15 01:03:47,taxi
010,20081015005143,502,40.012073,116.320979,2008-10-15 01:03:48,taxi
010,20081015005143,503,40.012071,116.321133,2008-10-15 01:03:49,taxi
010,20081015005143,504,40.01207,116.321291,2008-10-15 01:03:50,taxi
010,20081015005143,505,40.012073,116.321443,2008-10-15 01:03:51,taxi
010,20081015005143,506,40.012071,116.321598,2008-10-15 01:03:52,taxi
010,20081015005143,507,40.012064,116.32175,2008-10-15 01:03:53,taxi
010,20081015005143,508,40.012063,116.321898,2008-10-15 01:03:54,taxi
010,20081015005143,509,40.012053,116.3222,2008-10-15 01:03:56,taxi
010,20081015005143,510,40.012034,116.322334,2008-10-15 01:03:57,taxi
010,20081015005143,511,40.012015,116.322473,2008-10-15 01:03:58,taxi
010,20081015005143,512,40.011993,116.322613,2008-10-15 01:03:59,taxi
010,20081015005143,513,40.011975,116.32276,2008-10-15 01:04:00,taxi
010,20081015005143,514,40.011963,116.322905,2008-10-15 01:04:01,taxi
010,20081015005143,515,40.011964,116.323053,2008-10-15 01:04:02,taxi
010,20081015005143,516,40.011969,116.3232,2008-10-15 01:04:03,taxi
010,20081015005143,517,40.011975,116.323341,2008-10-15 01:04:04,taxi
010,20081015005143,518,40.011988,116.323625,2008-10-15 01:04:06,taxi
010,20081015005143,519,40.011991,116.323761,2008-10-15 01:04:07,taxi
010,20081015005143,520,40.011995,116.323898,2008-10-15 01:04:08,taxi
010,20081015005143,521,40.012003,116.324035,2008-10-15 01:04:09,taxi
010,20081015005143,522,40.012004,116.324176,2008-10-15 01:04:10,taxi
010,20081015005143,523,40.011996,116.324303,2008-10-15 01:04:11,taxi
010,20081015005143,524,40.011995,116.32443,2008-10-15 01:04:12,taxi
010,20081015005143,525,40.011995,116.324548,2008-10-15 01:04:13,taxi
010,20081015005143,526,40.011995,116.324663,2008-10-15 01:04:14,taxi
010,20081015005143,527,40.011966,116.324856,2008-10-15 01:04:16,taxi
010,20081015005143,528,40.01194,116.324956,2008-10-15 01:04:17,taxi
010,20081015005143,529,40.011903,116.325059,2008-10-15 01:04:18,taxi
010,20081015005143,530,40.011849,116.32516,2008-10-15 01:04:19,taxi
010,20081015005143,531,40.011791,116.325256,2008-10-15 01:04:20,taxi
010,20081015005143,532,40.011733,116.32535,2008-10-15 01:04:21,taxi
010,20081015005143,533,40.011668,116.325431,2008-10-15 01:04:22,taxi
010,20081015005143,534,40.011601,116.32551,2008-10-15 01:04:23,taxi
010,20081015005143,535,40.011533,116.32559,2008-10-15 01:04:24,taxi
010,20081015005143,536,40.01139,116.325755,2008-10-15 01:04:26,taxi
010,20081015005143,537,40.011314,116.325846,2008-10-15 01:04:27,taxi
010,20081015005143,538,40.011233,116.325929,2008-10-15 01:04:28,taxi
010,20081015005143,539,40.011143,116.325993,2008-10-15 01:04:29,taxi
010,20081015005143,540,40.01105,116.326075,2008-10-15 01:04:30,taxi
010,20081015005143,541,40.010961,116.32617,2008-10-15 01:04:31,taxi
010,20081015005143,542,40.010873,116.326269,2008-10-15 01:04:32,taxi
010,20081015005143,543,40.010784,116.32637,2008-10-15 01:04:33,taxi
010,20081015005143,544,40.010688,116.326463,2008-10-15 01:04:34,taxi
010,20081015005143,545,40.010504,116.326675,2008-10-15 01:04:36,taxi
010,20081015005143,546,40.01041,116.326781,2008-10-15 01:04:37,taxi
010,20081015005143,547,40.010319,116.326888,2008-10-15 01:04:38,taxi
010,20081015005143,548,40.01023,116.327,2008-10-15 01:04:39,taxi
010,20081015005143,549,40.010138,116.32711,2008-10-15 01:04:40,taxi
010,20081015005143,550,40.010044,116.327218,2008-10-15 01:04:41,taxi
010,20081015005143,551,40.009953,116.32733,2008-10-15 01:04:42,taxi
010,20081015005143,552,40.009856,116.327441,2008-10-15 01:04:43,taxi
010,20081015005143,553,40.009761,116.327546,2008-10-15 01:04:44,taxi
010,20081015005143,554,40.009559,116.327745,2008-10-15 01:04:46,taxi
010,20081015005143,555,40.009471,116.327843,2008-10-15 01:04:47,taxi
010,20081015005143,556,40.009391,116.327941,2008-10-15 01:04:48,taxi
010,20081015005143,557,40.009306,116.328035,2008-10-15 01:04:49,taxi
010,20081015005143,558,40.009205,116.328133,2008-10-15 01:04:50,taxi
010,20081015005143,559,40.009096,116.328236,2008-10-15 01:04:51,taxi
010,20081015005143,560,40.009003,116.328345,2008-10-15 01:04:52,taxi
010,20081015005143,561,40.008923,116.328431,2008-10-15 01:04:53,taxi
010,20081015005143,562,40.008853,116.328513,2008-10-15 01:04:54,taxi
010,20081015005143,563,40.008746,116.328668,2008-10-15 01:04:56,taxi
010,20081015005143,564,40.008718,116.32871,2008-10-15 01:04:57,taxi
010,20081015005143,565,40.008656,116.328746,2008-10-15 01:04:58,taxi
010,20081015005143,566,40.008605,116.328789,2008-10-15 01:04:59,taxi
010,20081015005143,567,40.008564,116.328813,2008-10-15 01:05:00,taxi
010,20081015005143,568,40.008536,116.328853,2008-10-15 01:05:01,taxi
010,20081015005143,569,40.008508,116.328885,2008-10-15 01:05:02,taxi
010,20081015005143,570,40.0083,116.329093,2008-10-15 01:05:49,taxi
010,20081015005143,571,40.008264,116.329176,2008-10-15 01:05:50,taxi
010,20081015005143,572,40.008204,116.329226,2008-10-15 01:05:51,taxi
010,20081015005143,573,40.008146,116.329276,2008-10-15 01:05:52,taxi
010,20081015005143,574,40.008086,116.329321,2008-10-15 01:05:53,taxi
010,20081015005143,575,40.008016,116.32938,2008-10-15 01:05:54,taxi
010,20081015005143,576,40.00787,116.329493,2008-10-15 01:05:56,taxi
010,20081015005143,577,40.00779,116.329561,2008-10-15 01:05:57,taxi
010,20081015005143,578,40.007708,116.329633,2008-10-15 01:05:58,taxi
010,20081015005143,579,40.007626,116.329705,2008-10-15 01:05:59,taxi
010,20081015005143,580,40.007541,116.329774,2008-10-15 01:06:00,taxi
010,20081015005143,581,40.00745,116.329846,2008-10-15 01:06:01,taxi
010,20081015005143,582,40.007348,116.32992,2008-10-15 01:06:02,taxi
010,20081015005143,583,40.007248,116.329989,2008-10-15 01:06:03,taxi
010,20081015005143,584,40.007146,116.330056,2008-10-15 01:06:04,taxi
010,20081015005143,585,40.006934,116.33018,2008-10-15 01:06:06,taxi
010,20081015005143,586,40.006825,116.330241,2008-10-15 01:06:07,taxi
010,20081015005143,587,40.006709,116.330294,2008-10-15 01:06:08,taxi
010,20081015005143,588,40.006594,116.330348,2008-10-15 01:06:09,taxi
010,20081015005143,589,40.006473,116.330394,2008-10-15 01:06:10,taxi
010,20081015005143,590,40.006354,116.330445,2008-10-15 01:06:11,taxi
010,20081015005143,591,40.00624,116.330483,2008-10-15 01:06:12,taxi
010,20081015005143,592,40.006119,116.330516,2008-10-15 01:06:13,taxi
010,20081015005143,593,40.005999,116.330546,2008-10-15 01:06:14,taxi
010,20081015005143,594,40.005758,116.330606,2008-10-15 01:06:16,taxi
010,20081015005143,595,40.005631,116.330629,2008-10-15 01:06:17,taxi
010,20081015005143,596,40.005501,116.33066,2008-10-15 01:06:18,taxi
010,20081015005143,597,40.005368,116.330683,2008-10-15 01:06:19,taxi
010,20081015005143,598,40.005236,116.330699,2008-10-15 01:06:20,taxi
010,20081015005143,599,40.005105,116.330713,2008-10-15 01:06:21,taxi
010,20081015005143,600,40.004973,116.330723,2008-10-15 01:06:22,taxi
010,20081015005143,601,40.004839,116.330728,2008-10-15 01:06:23,taxi
010,20081015005143,602,40.004704,116.330728,2008-10-15 01:06:24,taxi
010,20081015005143,603,40.004436,116.330736,2008-10-15 01:06:26,taxi
010,20081015005143,604,40.004301,116.330741,2008-10-15 01:06:27,taxi
010,20081015005143,605,40.004165,116.33075,2008-10-15 01:06:28,taxi
010,20081015005143,606,40.004028,116.330754,2008-10-15 01:06:29,taxi
010,20081015005143,607,40.003893,116.330758,2008-10-15 01:06:30,taxi
010,20081015005143,608,40.003759,116.330764,2008-10-15 01:06:31,taxi
010,20081015005143,609,40.003628,116.330768,2008-10-15 01:06:32,taxi
010,20081015005143,610,40.003498,116.330773,2008-10-15 01:06:33,taxi
010,20081015005143,611,40.003369,116.33077,2008-10-15 01:06:34,taxi
010,20081015005143,612,40.003121,116.330776,2008-10-15 01:06:36,taxi
010,20081015005143,613,40.002996,116.330783,2008-10-15 01:06:37,taxi
010,20081015005143,614,40.002871,116.330786,2008-10-15 01:06:38,taxi
010,20081015005143,615,40.002741,116.330789,2008-10-15 01:06:39,taxi
010,20081015005143,616,40.002615,116.330796,2008-10-15 01:06:40,taxi
010,20081015005143,617,40.002484,116.330799,2008-10-15 01:06:41,taxi
010,20081015005143,618,40.00235,116.330799,2008-10-15 01:06:42,taxi
010,20081015005143,619,40.002211,116.330799,2008-10-15 01:06:43,taxi
010,20081015005143,620,40.002071,116.330806,2008-10-15 01:06:44,taxi
010,20081015005143,621,40.001781,116.33082,2008-10-15 01:06:46,taxi
010,20081015005143,622,40.001631,116.33082,2008-10-15 01:06:47,taxi
010,20081015005143,623,40.001483,116.33082,2008-10-15 01:06:48,taxi
010,20081015005143,624,40.00133,116.330805,2008-10-15 01:06:49,taxi
010,20081015005143,625,40.001185,116.330813,2008-10-15 01:06:50,taxi
010,20081015005143,626,40.001038,116.330821,2008-10-15 01:06:51,taxi
010,20081015005143,627,40.000895,116.330835,2008-10-15 01:06:52,taxi
010,20081015005143,628,40.000753,116.330841,2008-10-15 01:06:53,taxi
010,20081015005143,629,40.000613,116.330844,2008-10-15 01:06:54,taxi
010,20081015005143,630,40.000333,116.330856,2008-10-15 01:06:56,taxi
010,20081015005143,631,40.000196,116.330861,2008-10-15 01:06:57,taxi
010,20081015005143,632,40.000064,116.33087,2008-10-15 01:06:58,taxi
010,20081015005143,633,39.999929,116.330878,2008-10-15 01:06:59,taxi
010,20081015005143,634,39.999796,116.330888,2008-10-15 01:07:00,taxi
010,20081015005143,635,39.999675,116.330893,2008-10-15 01:07:01,taxi
010,20081015005143,636,39.999553,116.330898,2008-10-15 01:07:02,taxi
010,20081015005143,637,39.999433,116.330901,2008-10-15 01:07:03,taxi
010,20081015005143,638,39.999318,116.330899,2008-10-15 01:07:04,taxi
010,20081015005143,639,39.999133,116.330893,2008-10-15 01:07:06,taxi
010,20081015005143,640,39.999043,116.330881,2008-10-15 01:07:07,taxi
010,20081015005143,641,39.998954,116.330873,2008-10-15 01:07:08,taxi
010,20081015005143,642,39.998863,116.330868,2008-10-15 01:07:09,taxi
010,20081015005143,643,39.998781,116.330858,2008-10-15 01:07:10,taxi
010,20081015005143,644,39.998708,116.330851,2008-10-15 01:07:11,taxi
010,20081015005143,645,39.998643,116.330854,2008-10-15 01:07:12,taxi
010,20081015005143,646,39.998586,116.330858,2008-10-15 01:07:13,taxi
010,20081015005143,647,39.998536,116.330861,2008-10-15 01:07:14,taxi
010,20081015005143,648,39.998456,116.33086,2008-10-15 01:07:16,taxi
010,20081015005143,649,39.998421,116.330861,2008-10-15 01:07:17,taxi
010,20081015005143,650,39.998386,116.330854,2008-10-15 01:07:18,taxi
010,20081015005143,651,39.998356,116.330854,2008-10-15 01:07:19,taxi
010,20081015005143,652,39.998331,116.330848,2008-10-15 01:07:20,taxi
010,20081015005143,653,39.99831,116.330843,2008-10-15 01:07:21,taxi
010,20081015005143,654,39.998288,116.330835,2008-10-15 01:07:22,taxi
010,20081015005143,655,39.998268,116.330826,2008-10-15 01:07:23,taxi
010,20081015005143,656,39.998248,116.330821,2008-10-15 01:07:24,taxi
010,20081015005143,657,39.998188,116.330811,2008-10-15 01:07:26,taxi
010,20081015005143,658,39.998148,116.330796,2008-10-15 01:07:27,taxi
010,20081015005143,659,39.998109,116.330801,2008-10-15 01:07:28,taxi
010,20081015005143,660,39.998063,116.330805,2008-10-15 01:07:29,taxi
010,20081015005143,661,39.998011,116.330813,2008-10-15 01:07:30,taxi
010,20081015005143,662,39.997963,116.330829,2008-10-15 01:07:31,taxi
010,20081015005143,663,39.997925,116.330826,2008-10-15 01:07:32,taxi
010,20081015005143,664,39.99788,116.330821,2008-10-15 01:07:33,taxi
010,20081015005143,665,39.99783,116.330828,2008-10-15 01:07:34,taxi
010,20081015005143,666,39.997736,116.33085,2008-10-15 01:07:36,taxi
010,20081015005143,667,39.997708,116.33086,2008-10-15 01:07:37,taxi
010,20081015005143,668,39.997688,116.330874,2008-10-15 01:07:38,taxi
010,20081015005143,669,39.997671,116.330901,2008-10-15 01:07:39,taxi
010,20081015005143,670,39.997668,116.330908,2008-10-15 01:07:40,taxi
010,20081015005143,671,39.997659,116.33093,2008-10-15 01:07:41,taxi
010,20081015005143,672,39.997661,116.330928,2008-10-15 01:07:42,taxi
010,20081015005143,673,39.997659,116.330928,2008-10-15 01:07:43,taxi
010,20081015005143,674,39.997659,116.330928,2008-10-15 01:07:44,taxi
010,20081015005143,675,39.997661,116.330928,2008-10-15 01:07:46,taxi
010,20081015005143,676,39.997661,116.330928,2008-10-15 01:07:47,taxi
010,20081015005143,677,39.997658,116.330928,2008-10-15 01:07:48,taxi
010,20081015005143,678,39.997651,116.330928,2008-10-15 01:07:49,taxi
010,20081015005143,679,39.997643,116.330931,2008-10-15 01:07:50,taxi
010,20081015005143,680,39.997614,116.330958,2008-10-15 01:07:51,taxi
010,20081015005143,681,39.997588,116.330968,2008-10-15 01:07:52,taxi
010,20081015005143,682,39.997559,116.330995,2008-10-15 01:07:53,taxi
010,20081015005143,683,39.997539,116.331006,2008-10-15 01:07:54,taxi
010,20081015005143,684,39.997486,116.331006,2008-10-15 01:07:56,taxi
010,20081015005143,685,39.997466,116.331003,2008-10-15 01:07:57,taxi
010,20081015005143,686,39.997456,116.330996,2008-10-15 01:07:58,taxi
010,20081015005143,687,39.997446,116.330993,2008-10-15 01:07:59,taxi
010,20081015005143,688,39.997431,116.330983,2008-10-15 01:08:00,taxi
010,20081015005143,689,39.997406,116.330973,2008-10-15 01:08:01,taxi
010,20081015005143,690,39.997383,116.330954,2008-10-15 01:08:02,taxi
010,20081015005143,691,39.997353,116.330936,2008-10-15 01:08:03,taxi
010,20081015005143,692,39.997328,116.330911,2008-10-15 01:08:04,taxi
010,20081015005143,693,39.997285,116.330861,2008-10-15 01:08:06,taxi
010,20081015005143,694,39.99727,116.330846,2008-10-15 01:08:07,taxi
010,20081015005143,695,39.99726,116.330848,2008-10-15 01:08:08,taxi
010,20081015005143,696,39.997263,116.330861,2008-10-15 01:08:09,taxi
010,20081015005143,697,39.997264,116.330871,2008-10-15 01:08:10,taxi
010,20081015005143,698,39.997263,116.33088,2008-10-15 01:08:11,taxi
010,20081015005143,699,39.997264,116.33088,2008-10-15 01:08:12,taxi
010,20081015005143,700,39.997264,116.330881,2008-10-15 01:08:13,taxi
010,20081015005143,701,39.997264,116.330881,2008-10-15 01:08:14,taxi
010,20081015005143,702,39.997264,116.330881,2008-10-15 01:08:16,taxi
010,20081015005143,703,39.997263,116.33088,2008-10-15 01:08:17,taxi
010,20081015005143,704,39.997258,116.33088,2008-10-15 01:08:18,taxi
010,20081015005143,705,39.997241,116.330863,2008-10-15 01:08:19,taxi
010,20081015005143,706,39.997223,116.330836,2008-10-15 01:08:20,taxi
010,20081015005143,707,39.997208,116.330771,2008-10-15 01:08:21,taxi
010,20081015005143,708,39.997188,116.330735,2008-10-15 01:08:22,taxi
010,20081015005143,709,39.997161,116.330715,2008-10-15 01:08:23,taxi
010,20081015005143,710,39.997136,116.330668,2008-10-15 01:08:24,taxi
010,20081015005143,711,39.997081,116.33059,2008-10-15 01:08:26,taxi
010,20081015005143,712,39.997046,116.330548,2008-10-15 01:08:27,taxi
010,20081015005143,713,39.997008,116.330503,2008-10-15 01:08:28,taxi
010,20081015005143,714,39.996974,116.330423,2008-10-15 01:08:29,taxi
010,20081015005143,715,39.99694,116.330366,2008-10-15 01:08:30,taxi
010,20081015005143,716,39.996906,116.330296,2008-10-15 01:08:31,taxi
010,20081015005143,717,39.996871,116.330238,2008-10-15 01:08:32,taxi
010,20081015005143,718,39.99685,116.330186,2008-10-15 01:08:33,taxi
010,20081015005143,719,39.996829,116.330146,2008-10-15 01:08:34,taxi
010,20081015005143,720,39.996791,116.33007,2008-10-15 01:08:36,taxi
010,20081015005143,721,39.996771,116.330036,2008-10-15 01:08:37,taxi
010,20081015005143,722,39.996754,116.330008,2008-10-15 01:08:38,taxi
010,20081015005143,723,39.996735,116.329969,2008-10-15 01:08:39,taxi
010,20081015005143,724,39.996708,116.329933,2008-10-15 01:08:40,taxi
010,20081015005143,725,39.996678,116.3299,2008-10-15 01:08:41,taxi
010,20081015005143,726,39.996649,116.329871,2008-10-15 01:08:42,taxi
010,20081015005143,727,39.996603,116.329821,2008-10-15 01:08:43,taxi
010,20081015005143,728,39.996568,116.329783,2008-10-15 01:08:44,taxi
010,20081015005143,729,39.996484,116.329711,2008-10-15 01:08:46,taxi
010,20081015005143,730,39.996431,116.329658,2008-10-15 01:08:47,taxi
010,20081015005143,731,39.996388,116.329601,2008-10-15 01:08:48,taxi
010,20081015005143,732,39.996348,116.329548,2008-10-15 01:08:49,taxi
010,20081015005143,733,39.99631,116.329503,2008-10-15 01:08:50,taxi
010,20081015005143,734,39.996271,116.329469,2008-10-15 01:08:51,taxi
010,20081015005143,735,39.996236,116.329436,2008-10-15 01:08:52,taxi
010,20081015005143,736,39.9962,116.329391,2008-10-15 01:08:53,taxi
010,20081015005143,737,39.996164,116.329358,2008-10-15 01:08:54,taxi
010,20081015005143,738,39.996095,116.329209,2008-10-15 01:08:56,taxi
010,20081015005143,739,39.996056,116.329151,2008-10-15 01:08:57,taxi
010,20081015005143,740,39.996018,116.329105,2008-10-15 01:08:58,taxi
010,20081015005143,741,39.995995,116.329071,2008-10-15 01:08:59,taxi
010,20081015005143,742,39.995976,116.329046,2008-10-15 01:09:00,taxi
010,20081015005143,743,39.995961,116.32903,2008-10-15 01:09:01,taxi
010,20081015005143,744,39.995945,116.329001,2008-10-15 01:09:02,taxi
010,20081015005143,745,39.995926,116.328979,2008-10-15 01:09:03,taxi
010,20081015005143,746,39.995906,116.328958,2008-10-15 01:09:04,taxi
010,20081015005143,747,39.995873,116.328924,2008-10-15 01:09:06,taxi
010,20081015005143,748,39.995848,116.328893,2008-10-15 01:09:07,taxi
010,20081015005143,749,39.995813,116.328846,2008-10-15 01:09:08,taxi
010,20081015005143,750,39.995771,116.328791,2008-10-15 01:09:09,taxi
010,20081015005143,751,39.995723,116.328731,2008-10-15 01:09:10,taxi
010,20081015005143,752,39.995678,116.328676,2008-10-15 01:09:11,taxi
010,20081015005143,753,39.995633,116.328608,2008-10-15 01:09:12,taxi
010,20081015005143,754,39.995584,116.328528,2008-10-15 01:09:13,taxi
010,20081015005143,755,39.995523,116.328454,2008-10-15 01:09:14,taxi
010,20081015005143,756,39.995403,116.328303,2008-10-15 01:09:16,taxi
010,20081015005143,757,39.995358,116.328225,2008-10-15 01:09:17,taxi
010,20081015005143,758,39.995316,116.328148,2008-10-15 01:09:18,taxi
010,20081015005143,759,39.995273,116.328091,2008-10-15 01:09:19,taxi
010,20081015005143,760,39.995238,116.328051,2008-10-15 01:09:20,taxi
010,20081015005143,761,39.995206,116.328014,2008-10-15 01:09:21,taxi
010,20081015005143,762,39.995143,116.327971,2008-10-15 01:09:22,taxi
010,20081015005143,763,39.995109,116.327931,2008-10-15 01:09:23,taxi
010,20081015005143,764,39.995086,116.327911,2008-10-15 01:09:24,taxi
010,20081015005143,765,39.995033,116.327853,2008-10-15 01:09:26,taxi
010,20081015005143,766,39.995008,116.327831,2008-10-15 01:09:27,taxi
010,20081015005143,767,39.994986,116.327804,2008-10-15 01:09:28,taxi
010,20081015005143,768,39.994961,116.327778,2008-10-15 01:09:29,taxi
010,20081015005143,769,39.994931,116.327754,2008-10-15 01:09:30,taxi
010,20081015005143,770,39.994909,116.327736,2008-10-15 01:09:31,taxi
010,20081015005143,771,39.994895,116.32772,2008-10-15 01:09:32,taxi
010,20081015005143,772,39.994886,116.327701,2008-10-15 01:09:33,taxi
010,20081015005143,773,39.994878,116.327689,2008-10-15 01:09:34,taxi
010,20081015005143,774,39.994869,116.327673,2008-10-15 01:09:36,taxi
010,20081015005143,775,39.99486,116.327668,2008-10-15 01:09:37,taxi
010,20081015005143,776,39.994858,116.327665,2008-10-15 01:09:38,taxi
010,20081015005143,777,39.994851,116.327658,2008-10-15 01:09:39,taxi
010,20081015005143,778,39.994846,116.327651,2008-10-15 01:09:40,taxi
010,20081015005143,779,39.994841,116.327648,2008-10-15 01:09:41,taxi
010,20081015005143,780,39.994839,116.327644,2008-10-15 01:09:42,taxi
010,20081015005143,781,39.994836,116.32764,2008-10-15 01:09:43,taxi
010,20081015005143,782,39.994831,116.327635,2008-10-15 01:09:44,taxi
010,20081015005143,783,39.994838,116.327633,2008-10-15 01:09:46,taxi
010,20081015005143,784,39.994839,116.327636,2008-10-15 01:09:47,taxi
010,20081015005143,785,39.994841,116.327636,2008-10-15 01:09:48,taxi
010,20081015005143,786,39.994843,116.327638,2008-10-15 01:09:49,taxi
010,20081015005143,787,39.994845,116.32764,2008-10-15 01:09:50,taxi
010,20081015005143,788,39.994845,116.327641,2008-10-15 01:09:51,taxi
010,20081015005143,789,39.994843,116.32764,2008-10-15 01:09:52,taxi
010,20081015005143,790,39.994819,116.327601,2008-10-15 01:09:53,taxi
010,20081015005143,791,39.994796,116.32756,2008-10-15 01:09:54,taxi
010,20081015005143,792,39.994743,116.327478,2008-10-15 01:09:56,taxi
010,20081015005143,793,39.994721,116.32744,2008-10-15 01:09:57,taxi
010,20081015005143,794,39.994699,116.327416,2008-10-15 01:09:58,taxi
010,20081015005143,795,39.994686,116.327399,2008-10-15 01:09:59,taxi
010,20081015005143,796,39.994673,116.327371,2008-10-15 01:10:00,taxi
010,20081015005143,797,39.994663,116.32735,2008-10-15 01:10:01,taxi
010,20081015005143,798,39.994653,116.327339,2008-10-15 01:10:02,taxi
010,20081015005143,799,39.994644,116.327331,2008-10-15 01:10:03,taxi
010,20081015005143,800,39.994626,116.327313,2008-10-15 01:10:04,taxi
010,20081015005143,801,39.994584,116.327264,2008-10-15 01:10:06,taxi
010,20081015005143,802,39.994569,116.327245,2008-10-15 01:10:07,taxi
010,20081015005143,803,39.994558,116.327226,2008-10-15 01:10:08,taxi
010,20081015005143,804,39.994551,116.327218,2008-10-15 01:10:09,taxi
010,20081015005143,805,39.994545,116.327213,2008-10-15 01:10:10,taxi
010,20081015005143,806,39.994541,116.327205,2008-10-15 01:10:11,taxi
010,20081015005143,807,39.994541,116.327206,2008-10-15 01:10:12,taxi
010,20081015005143,808,39.994538,116.327203,2008-10-15 01:10:13,taxi
010,20081015005143,809,39.994526,116.327191,2008-10-15 01:10:14,taxi
010,20081015005143,810,39.994476,116.327143,2008-10-15 01:10:16,taxi
010,20081015005143,811,39.994448,116.327105,2008-10-15 01:10:17,taxi
010,20081015005143,812,39.994438,116.327098,2008-10-15 01:10:18,taxi
010,20081015005143,813,39.994413,116.327059,2008-10-15 01:10:19,taxi
010,20081015005143,814,39.994384,116.327033,2008-10-15 01:10:20,taxi
010,20081015005143,815,39.994356,116.326989,2008-10-15 01:10:21,taxi
010,20081015005143,816,39.994333,116.326951,2008-10-15 01:10:22,taxi
010,20081015005143,817,39.99432,116.326956,2008-10-15 01:10:23,taxi
010,20081015005143,818,39.994296,116.326931,2008-10-15 01:10:24,taxi
010,20081015005143,819,39.994221,116.326845,2008-10-15 01:10:26,taxi
010,20081015005143,820,39.994186,116.3268,2008-10-15 01:10:27,taxi
010,20081015005143,821,39.99414,116.326748,2008-10-15 01:10:28,taxi
010,20081015005143,822,39.99409,116.326688,2008-10-15 01:10:29,taxi
010,20081015005143,823,39.994041,116.326631,2008-10-15 01:10:30,taxi
010,20081015005143,824,39.993991,116.326574,2008-10-15 01:10:31,taxi
010,20081015005143,825,39.99394,116.326535,2008-10-15 01:10:32,taxi
010,20081015005143,826,39.993885,116.326488,2008-10-15 01:10:33,taxi
010,20081015005143,827,39.993826,116.326448,2008-10-15 01:10:34,taxi
010,20081015005143,828,39.993706,116.326413,2008-10-15 01:10:36,taxi
010,20081015005143,829,39.993656,116.326393,2008-10-15 01:10:37,taxi
010,20081015005143,830,39.993615,116.326388,2008-10-15 01:10:38,taxi
010,20081015005143,831,39.993576,116.326376,2008-10-15 01:10:39,taxi
010,20081015005143,832,39.993541,116.326381,2008-10-15 01:10:40,taxi
010,20081015005143,833,39.993513,116.326405,2008-10-15 01:10:41,taxi
010,20081015005143,834,39.993486,116.326408,2008-10-15 01:10:42,taxi
010,20081015005143,835,39.993451,116.326398,2008-10-15 01:10:43,taxi
010,20081015005143,836,39.993418,116.326401,2008-10-15 01:10:44,taxi
010,20081015005143,837,39.993361,116.326408,2008-10-15 01:10:46,taxi
010,20081015005143,838,39.993321,116.326396,2008-10-15 01:10:47,taxi
010,20081015005143,839,39.993293,116.326398,2008-10-15 01:10:48,taxi
010,20081015005143,840,39.993266,116.326406,2008-10-15 01:10:49,taxi
010,20081015005143,841,39.993243,116.326406,2008-10-15 01:10:50,taxi
010,20081015005143,842,39.993216,116.326399,2008-10-15 01:10:51,taxi
010,20081015005143,843,39.993181,116.326401,2008-10-15 01:10:52,taxi
010,20081015005143,844,39.993151,116.326401,2008-10-15 01:10:53,taxi
010,20081015005143,845,39.993121,116.326403,2008-10-15 01:10:54,taxi
010,20081015005143,846,39.993063,116.326403,2008-10-15 01:10:56,taxi
010,20081015005143,847,39.993033,116.326408,2008-10-15 01:10:57,taxi
010,20081015005143,848,39.993011,116.326403,2008-10-15 01:10:58,taxi
010,20081015005143,849,39.993003,116.326398,2008-10-15 01:10:59,taxi
